model,epoch,train_loss,train_acc,val_loss,val_acc,elapsed_min
resnet50,1,0.4799139158964157,0.8066375,0.42842233390808104,0.8345,2.033087650934855
resnet50,2,0.3668094155311584,0.8519875,0.3780136136054993,0.8537,3.936179788907369
resnet50,3,0.20646340086758136,0.9166125,0.16491415314674376,0.93725,6.570176168282827
resnet50,4,0.13152394590079786,0.9488875,0.11760430203080177,0.95515,8.623788058757782
resnet50,5,0.10300201977342367,0.9608375,0.09834285362362861,0.9628,10.674445164203643
resnet50,6,0.08379824186861515,0.968725,0.08693825061321259,0.96665,12.771856319904327
