model,accuracy,precision,recall,f1,test_size
resnet50,0.9692,0.9693000359956728,0.9692000000000001,0.9691983585805288,20000
densenet121,0.9697,0.9699573298355247,0.9697,0.9696958516651344,20000
